<?xml version="1.0" encoding="UTF-8"?>
<cpq_package version="2.0.1.0">
  <filename>CP036403.zip</filename>
  <divisions>
    <division key="6">
      <division_xlate lang="en">Server</division_xlate>
      <division_xlate lang="ja">サーバ</division_xlate>
    </division>
  </divisions>
  <operating_systems>
    <operating_system key="">
      <operating_system_xlate>VMware vSphere 5.1</operating_system_xlate>
    </operating_system>
    <operating_system key="">
      <operating_system_xlate>VMware ESXi 5.0</operating_system_xlate>
    </operating_system>
    <operating_system key="">
      <operating_system_xlate>VMware vSphere 5.5</operating_system_xlate>
    </operating_system>
    <operating_system key="">
      <operating_system_xlate>VMware vSphere 6.0</operating_system_xlate>
    </operating_system>
  </operating_systems>
  <products>
    <product rom="P67"/>
  </products>
  <category key="1200212">
    <category_xlate lang="en">BIOS - System ROM</category_xlate>
    <category_xlate lang="ja">BIOS - システムROM</category_xlate>
  </category>
  <id product="05a16a55c4394c1c89519a78be7d442a" version="8afea0d4bd6a4bd58e1c870759714087"/>
  <name>
    <name_xlate lang="en">Online ROM Flash Component for VMware ESXi - HP ProLiant DL380 G7 (P67) Servers</name_xlate>
    <name_xlate lang="ja">オンラインROMフラッシュコンポーネント for VMware ESXi - HP ProLiant DL380 G7（P67）サーバー</name_xlate>
  </name>
  <alt_name>
    <alt_name_xlate lang="en">HP ProLiant DL380 G7 (P67) Server</alt_name_xlate>
    <alt_name_xlate lang="ja">HP ProLiant DL380 G7 (P67)サーバー</alt_name_xlate>
  </alt_name>
  <version value="2018.05.21" revision="" type_of_change="2"/>
  <manufacturer_name>
    <manufacturer_name_xlate lang="en">Hewlett Packard Enterprise</manufacturer_name_xlate>
    <manufacturer_name_xlate lang="ja">Hewlett Packard Enterprise</manufacturer_name_xlate>
  </manufacturer_name>
  <languages langlist="en">
    <languages_xlate lang="en">English (US)</languages_xlate>
    <languages_xlate lang="ja">英語（US）</languages_xlate>
  </languages>
  <release_date year="2018" month="6" day="24" hour="20" minute="9" second="38"/>
  <description>
    <description_xlate lang="en">
<![CDATA[This component provides updated system firmware that can be installed directly on supported Operating Systems. Additionally, when used in conjunction with HP Smart Update Manager (HPSUM) and Insight Control for VMware vCenter, this Component allows the user to update firmware on remote servers from a central location. This remote deployment capability eliminates the need for the user to be physically present at the server in order to perform a firmware update.]]>
</description_xlate>
    <description_xlate lang="ja">
<![CDATA[このコンポーネントは、サポートされるオペレーティングシステム上で直接インストール可能なアップデートされたシステムファームウェアを提供します。 さらに、HP Smart Update Manager（HPSUM）およびInsight Control for VMware vCenterと共に使用する場合、このコンポーネントは、ユーザーが中央ロケーションから遠隔地にあるサーバーのファームウェアを更新することを可能にします。 この遠隔地への展開機能により、ファームウェアをアップデートするために使用者がサーバーへ物理的に移動する必要がなくなります。]]>
</description_xlate>
  </description>
  <prerequisite_notes/>
  <installation_notes>
    <installation_notes_xlate lang="en">
      <installation_notes_xlate_part>
<![CDATA[<p>IMPORTANT: This component requires that the CRU driver be loaded before the component can run.<br />
The minimum CRU version for 5.0/5.1 is 5.0.3.9.<br />
The minimum CRU version for 5.5 is 5.5.4.1.<br />
The minimum CRU version for 6.0 is 6.0.8.<br />
<br />
<br />
<strong>Offline:</strong></p>

<ul>
	<li>SPP Offline mode boots a special Linux OS environment, thus the Linux Components are used, not the VMware Components</li>
</ul>

<p><br />
<strong>Remote Online, if the component is supported by HP SUM but is not yet part of an SPP:</strong><br />
&nbsp;</p>

<ul>
	<li>Download the appropriate SPP</li>
	<li>Add the component to the SPP</li>
	<li>Mount the SPP on a remote server running Windows or Linux that has a network connection to the ESXi host to be updated</li>
	<li>Run HP SUM</li>
	<li>Add the ESXi host to be updated as a remote target/node</li>
	<li>Enter IP or DNS address of the ESXi host to be updated</li>
	<li>Enter the ESXi host credentials (root or administrator username and password)</li>
	<li>For HP SUM 6.0 and newer, select both the Additional Package with the added component and the SPP Baseline on the node Inventory page.</li>
	<li>Follow HP Smart Update Manager Steps to complete the firmware update</li>
	<li>Refer to the SPP documentation for detailed instructions at:&nbsp; <a href="http://www.hpe.com/servers/spp">www.hpe.com/servers/spp</a></li>
</ul>

<p><strong>To use HP Insight Control for vCenter:</strong></p>

<ul>
	<li>Log in to the vSphere Client</li>
	<li>Select a server or cluster in the inventory tree</li>
	<li>Click the HP Insight Management tab</li>
	<li>Follow Insight Control for vCenter steps to update firmware using a Component</li>
</ul>

<p><strong>To update firmware from VMware ESXi operating system on target server:</strong></p>

<ul>
	<li>Enable Tech Support Mode on the ESXi host</li>
	<li>Login as root. (You must be root in order to apply the update)</li>
	<li>Place the Component ( CPxxxxxx.zip) in a temporary directory</li>
	<li>From the same directory, unzip the Component:<br />
	unzip CPxxxxxx.zip</li>
	<li>To perform the standalone installation, execute the command:<br />
	CPxxxxxx.vmexe</li>
	<li>Follow the directions given by the Component</li>
	<li>Logout</li>
	<li>Disable Tech Support Mode on the ESXi host</li>
	<li>Reboot your system for the firmware update to take effect</li>
</ul>
]]>
</installation_notes_xlate_part>
    </installation_notes_xlate>
    <installation_notes_xlate lang="ja">
      <installation_notes_xlate_part>
<![CDATA[<p>重要: このコンポーネントは、実行する前にCRUドライバーがロードされている必要があります。<br />
5.0/5.1の最小CRUバージョンは5.0.3.9です。<br />
5.5の最小CRUバージョンは5.5.4.1です。<br />
6.0の最小CRUバージョンは6.0.8です。<br />
<br />
<br />
<strong>オフライン：</strong></p>

<ul>
	<li>SPPオフラインモードは特別なLinux OS環境を起動します。したがって、VMwareコンポーネントではなく、Linuxコンポーネントが用いられます</li>
</ul>

<p><br />
<strong> リモートオンライン、コンポーネントはHP SUMでサポートされますが、まだSPPの一部ではありません。</strong><br />
 </p>

<ul>
	<li>適切なSPPをダウンロードします</li>
	<li>SPPにコンポーネントを追加します</li>
	<li>更新対象のESXiホストへのネットワーク接続を持つWindowsまたはLinuxを実行しているリモートサーバー上でSPPをマウントします</li>
	<li>HP SUMを実行します</li>
	<li>リモートターゲット/ノードとして更新対象のESXiホストを追加します</li>
	<li>更新対象のESXiホストのIPまたはDNSアドレスを入力します</li>
	<li>ESXiホスト認証情報(rootまたは管理者ユーザー名およびパスワード)を入力します</li>
	<li>HP SUM6.0以降の場合は、ノードインベントリページで追加されたコンポーネントおよびSPPベースラインの両方の追加パッケージを選択します。</li>
	<li>ファームウェアのアップデートを完了するために、HP Smart Update Managerの指示に従います</li>
	<li>詳細な手順については、以下にアクセスしてSPPドキュメントを参照してください：<a href="http://www.hpe.com/servers/spp">www.hpe.com/servers/spp</a></li>
</ul>

<p><strong>HP Insight Control for vCenterを使用するには、以下の手順に従ってください。</strong></p>

<ul>
	<li>vSphereクライアントにログインします</li>
	<li>インベントリツリーのサーバーまたはクラスターを選択します</li>
	<li>HP Insight Managementタブをクリックします</li>
	<li> Insight Control for vCenterの指示に従ってコンポーネントを使いファームウェアのアップデートを行います</li>
</ul>

<p><strong>ターゲットサーバー上のVMware ESXiオペレーティングシステムからファームウェアをアップデートするには、以下の手順に従ってください。</strong></p>

<ul>
	<li>ESXiホスト上のTech Support Modeを有効にします</li>
	<li>rootとしてログインします。（アップデートを適用するにはrootとしてログインする必要があります）</li>
	<li>コンポーネント (CPxxxxxx.zip)を一時ディレクトリに置きます</li>
	<li>同じディレクトリからコンポーネントをunzipします:<br />
	unzip CPxxxxxx.zip</li>
	<li>スタンドアロンのインストールを行うために、次のコマンドを実行します：<br />
	CPxxxxxx.vmexe</li>
	<li>コンポーネントの指示に従います</li>
	<li>ログアウト</li>
	<li>ESXiホスト上のTech Support Modeを無効にします</li>
	<li>システムを再起動し、ファームウェアのアップデートを有効にします</li>
</ul>
]]>
</installation_notes_xlate_part>
    </installation_notes_xlate>
  </installation_notes>
  <availability_notes/>
  <documentation_notes/>
  <revision_history>
    <revision>
      <version value="2018.05.21" revision="" type_of_change="2"/>
      <revision_fixes_xlate lang="en">
        <revision_fixes_xlate_part>
<![CDATA[<P><B>Important Notes:</B></P>This revision of the System ROM includes the latest revision of the Intel microcode which, in combination with operating system updates, provides mitigation for the Speculative Store Bypass (also known as Variant 4) security vulnerability.  A Medium level CVE has been assigned to this issue with ID CVE-2018-3639.  Systems with microprocessors utilizing speculative execution and speculative execution of memory reads before the addresses of all prior memory writes are known may allow unauthorized disclosure of information to an attacker with local user access via a side-channel analysis.  This security vulnerability is not unique to HPE servers and impacts any systems utilizing impacted processors.<p>This revision of the System ROM includes the latest revision of the Intel microcode which provides mitigation for the Rogue Register Read (also known as Variant 3a) security vulnerability.  A Medium level CVE has been assigned to this issue with ID CVE-2018-3640.  Systems with microprocessors utilizing speculative execution and that perform speculative reads of system registers may allow unauthorized disclosure of system parameters to an attacker with local user access via a side-channel analysis.  This security vulnerability is not unique to HPE servers and impacts any systems utilizing impacted processors.<P><B>Firmware Dependencies:</B></P>None<P><B>Problems Fixed:</B></P>This revision of the System ROM includes the latest revision of the Intel microcode which, in combination with operating system updates, provides mitigation for the Speculative Store Bypass (also known as Variant 4) security vulnerability.  A Medium level CVE has been assigned to this issue with ID CVE-2018-3639.  Systems with microprocessors utilizing speculative execution and speculative execution of memory reads before the addresses of all prior memory writes are known may allow unauthorized disclosure of information to an attacker with local user access via a side-channel analysis.  This security vulnerability is not unique to HPE servers and impacts any systems utilizing impacted processors.<p>This revision of the System ROM includes the latest revision of the Intel microcode which provides mitigation for the Rogue Register Read (also known as Variant 3a) security vulnerability.  A Medium level CVE has been assigned to this issue with ID CVE-2018-3640.  Systems with microprocessors utilizing speculative execution and that perform speculative reads of system registers may allow unauthorized disclosure of system parameters to an attacker with local user access via a side-channel analysis.  This security vulnerability is not unique to HPE servers and impacts any systems utilizing impacted processors.<P><B>Known Issues:</B></P>None]]>
</revision_fixes_xlate_part>
      </revision_fixes_xlate>
      <revision_fixes_xlate lang="ja">
        <revision_fixes_xlate_part>
<![CDATA[<P><B>Important Notes:</B></P>This revision of the System ROM includes the latest revision of the Intel microcode which, in combination with operating system updates, provides mitigation for the Speculative Store Bypass (also known as Variant 4) security vulnerability.  A Medium level CVE has been assigned to this issue with ID CVE-2018-3639.  Systems with microprocessors utilizing speculative execution and speculative execution of memory reads before the addresses of all prior memory writes are known may allow unauthorized disclosure of information to an attacker with local user access via a side-channel analysis.  This security vulnerability is not unique to HPE servers and impacts any systems utilizing impacted processors.<p>This revision of the System ROM includes the latest revision of the Intel microcode which provides mitigation for the Rogue Register Read (also known as Variant 3a) security vulnerability.  A Medium level CVE has been assigned to this issue with ID CVE-2018-3640.  Systems with microprocessors utilizing speculative execution and that perform speculative reads of system registers may allow unauthorized disclosure of system parameters to an attacker with local user access via a side-channel analysis.  This security vulnerability is not unique to HPE servers and impacts any systems utilizing impacted processors.<P><B>Firmware Dependencies:</B></P>None<P><B>Problems Fixed:</B></P>This revision of the System ROM includes the latest revision of the Intel microcode which, in combination with operating system updates, provides mitigation for the Speculative Store Bypass (also known as Variant 4) security vulnerability.  A Medium level CVE has been assigned to this issue with ID CVE-2018-3639.  Systems with microprocessors utilizing speculative execution and speculative execution of memory reads before the addresses of all prior memory writes are known may allow unauthorized disclosure of information to an attacker with local user access via a side-channel analysis.  This security vulnerability is not unique to HPE servers and impacts any systems utilizing impacted processors.<p>This revision of the System ROM includes the latest revision of the Intel microcode which provides mitigation for the Rogue Register Read (also known as Variant 3a) security vulnerability.  A Medium level CVE has been assigned to this issue with ID CVE-2018-3640.  Systems with microprocessors utilizing speculative execution and that perform speculative reads of system registers may allow unauthorized disclosure of system parameters to an attacker with local user access via a side-channel analysis.  This security vulnerability is not unique to HPE servers and impacts any systems utilizing impacted processors.<P><B>Known Issues:</B></P>None]]>
</revision_fixes_xlate_part>
      </revision_fixes_xlate>
    </revision>
    <revision>
      <version value="2018.02.22" revision="" type_of_change="2"/>
      <revision_fixes_xlate lang="en">
        <revision_fixes_xlate_part>
<![CDATA[<p><strong>Important Notes:</strong></p>

<p>This revision of the System ROM includes the latest revision of the Intel microcode which, in combination with operating system updates, provides mitigation for Variant 2 of the Side Channel Analysis vulnerability, also known as Spectre. The revision of the microcode included in this System ROM does NOT have issues with more frequent reboots and unpredictable system behavior which impacted the previous Intel microcode which was part of the Spectre Variant 2 mitigation. &nbsp;Additional information is available from Intel&rsquo;s Security Exploit Newsroom, <a href="https://newsroom.intel.com/press-kits/security-exploits-intel-products/">https://newsroom.intel.com/press-kits/security-exploits-intel-products/</a>.</p>

<p><strong>Firmware Dependencies:</strong></p>

<p>None</p>

<p><strong>Problems Fixed:</strong></p>

<p>Updated the Intel processor microcode to the latest version.</p>

<p><strong>Known Issues:</strong></p>

<p>None</p>
]]>
</revision_fixes_xlate_part>
      </revision_fixes_xlate>
      <revision_fixes_xlate lang="ja">
        <revision_fixes_xlate_part>
<![CDATA[<p><strong>Important Notes:</strong></p>

<p>This revision of the System ROM includes the latest revision of the Intel microcode which, in combination with operating system updates, provides mitigation for Variant 2 of the Side Channel Analysis vulnerability, also known as Spectre. The revision of the microcode included in this System ROM does NOT have issues with more frequent reboots and unpredictable system behavior which impacted the previous Intel microcode which was part of the Spectre Variant 2 mitigation. &nbsp;Additional information is available from Intel&rsquo;s Security Exploit Newsroom, <a href="https://newsroom.intel.com/press-kits/security-exploits-intel-products/">https://newsroom.intel.com/press-kits/security-exploits-intel-products/</a>.</p>

<p><strong>Firmware Dependencies:</strong></p>

<p>None</p>

<p><strong>Problems Fixed:</strong></p>

<p>Updated the Intel processor microcode to the latest version.</p>

<p><strong>Known Issues:</strong></p>

<p>None</p>
]]>
</revision_fixes_xlate_part>
      </revision_fixes_xlate>
    </revision>
    <revision>
      <version value="2015.08.16" revision="" type_of_change="1"/>
      <revision_fixes_xlate lang="en">
        <revision_fixes_xlate_part>
<![CDATA[<P><B>Important Notes:</B></P>None<P><B>Firmware Dependencies:</B></P>None<P><B>Problems Fixed:</B></P>While HP ProLiant servers using impacted Intel processors are not vulnerable to the specific attack announced publicly at the Blackhat USA 2015 security conference, this BIOS update includes updated microcodes from Intel which prevent the possibility of exploiting the processor vulnerability that make the attack possible.  This Intel processor vulnerability is NOT unique to HP ProLiant servers.<P><B>Known Issues:</B></P>None]]>
</revision_fixes_xlate_part>
      </revision_fixes_xlate>
      <revision_fixes_xlate lang="ja">
        <revision_fixes_xlate_part>
<![CDATA[<P><B>重要な注意：</B></P>なし<P><B>ファームウェアの関連性：</B></P>なし<P><B>修正された問題点：</B></P>影響を受けるIntelプロセッサーを使用するHP ProLiantサーバーは、Blackhat USA 2015セキュリティ会議で公的に発表された具体的な攻撃に脆弱ではありませんが、このBIOSは攻撃を可能にするプロセッサーの脆弱性の利用を防ぐ、Intelからのアップデートされたマイクロコードを含みます。  このIntelプロセッサーの脆弱性は、HP ProLiantサーバーに固有のものではありません。<P><B>既知の問題点：</B></P>なし]]>
</revision_fixes_xlate_part>
      </revision_fixes_xlate>
    </revision>
    <revision>
      <version value="2013.07.02" revision="E" type_of_change="2"/>
      <revision_fixes_xlate lang="en">
        <revision_fixes_xlate_part>
<![CDATA[<p><strong>Important Notes:</strong><br />
<br />
Ver. 2013.07.02 (E)&nbsp; contains updates to the component packaging and is functionally equivalent to ver. 2013.07.02.&nbsp; It is not necessary to upgrade with Revision E if a previous component Revision was used to upgrade the system ROM to version 2013.07.02.</p>

<p><strong>Firmware Dependencies:</strong></p>

<p>None</p>

<p><strong>Problems Fixed:</strong></p>

<p>Addressed a processor issue under which a rare and complex sequence of internal processor microarchitecture events that occur in specific operating environments could cause a server system to experience unexpected page faults, general protection faults, or machine check exceptions or other unpredictable system behavior. While all processors supported by this server have this issue, to be affected by this issue the server must be operating in a virtualized environment, have Intel Hyperthreading enabled, have a hypervisor that enables Intel VT FlexPriority and Extended Page Tables, and have a guest OS utilizing 32-bit PAE Paging Mode. This issue is not unique to HP ProLiant servers and could impact any system utilizing affected processors operating with the conditions listed above. This revision of the System ROM contains an updated version of Intel&#39;s microcode that addresses this issue. Due to the potential severity of the issue addressed in this revision of the System ROM, this System ROM upgrade is considered a critical fix.</p>

<p>Addressed an issue with the Intel Xeon Processor X5675, Intel Xeon Processor X5690, and Intel Xeon Processor X5687 where a rare and complex combination of data and environmental conditions may result in some instructions not executing properly causing unpredictable system behavior. This issue is not unique to HP ProLiant servers and could impact any system using the affected processors listed above. This revision of the System ROM contains and updated version of Intel&#39;s microcode that addresses this issue. This System ROM upgrade is considered a critical fix for customers utilizing the affected processors. This issue does not impact any processors that are not listed above.</p>

<p>Addressed an issue where the platform may experience networking issues under heavy workloads with Operating Systems, such as Linux RedHat 6.2, and IRQ Balancing enabled in the Operating System. As a result of this issue, software may lose interrupts, receive spurious interrupts or cause a network disconnect.</p>

<p><strong>Known Issues:</strong></p>

<p>None</p>
]]>
</revision_fixes_xlate_part>
      </revision_fixes_xlate>
      <revision_fixes_xlate lang="ja">
        <revision_fixes_xlate_part>
<![CDATA[<p><strong>重要な注意：</strong><br /> <br /> Ver. 2013.07.02（E）はコンポーネントパッケージのアップデートを含んでいて、機能的にVer. 2013.07.02と同等です。  システムROMをバージョン2013.07.02にアップグレードするために以前のリビジョンのコンポーネントが使われた場合は、リビジョンEにアップグレードする必要はありません。</p>

<p><strong>ファームウェアの関連性：</strong></p>

<p>なし</p>

<p><strong>修正された問題点：</strong></p>

<p>特定の動作環境で発生する内部プロセッサーマイクロアーキテクチャイベントのまれで複雑なシーケンスが予期しないページフォルト、一般保護違反またはマシンチェック例外や他の予測できないシステムの動作をサーバーシステムに引き起こすことがあったプロセッサーの問題に対処しました。 このサーバーでサポートされるすべてのプロセッサーにこの問題がありますが、この問題の影響を受ける条件は、サーバーが仮想化環境で動作していて、Intelハイパースレッディングが有効、Intel VT FlexPriorityおよび拡張ページテーブルを有効にしたハイパーバイザーを持ち、そして32ビットPAEページングモードを利用しているゲストOSがある場合だけです。 この問題は、HP ProLiantサーバーに固有のものではなく、上記の条件で動作している影響を受けるプロセッサーを利用するすべてのシステムに影響があります。 このリビジョンのシステムROMは、この問題に対処したアップデートされたバージョンのIntelのマイクロコードを含んでいます。 このリビジョンのシステムROMは、潜在的で深刻な問題に対応しているため、このシステムROMアップグレードは、重要な修正と考えられます。</p>

<p>データや環境条件のまれな、複雑な組み合わせが予測できないシステムの動作を引き起こすいくつかのインストラクションが正しく実行されない原因となる可能性があるIntel Xeonプロセッサー X5675、Intel Xeonプロセッサー X5690、およびIntel Xeonプロセッサー X5687の問題に対処しました。 これはHP ProLiantサーバーに限った問題ではなく、上にリストされた影響を受けるプロセッサーを使用しているシステムすべてに影響を与える可能性があります。 このリビジョンのシステムROMは、この問題に対処したアップデートされたバージョンのIntelのマイクロコードを含んでいます。 このシステムROMのアップグレードは、影響を受けるプロセッサーを利用している顧客のための重要な修正と考えられます。 この問題は、上にリストされていないプロセッサーには影響しません。</p>

<p>Linux RedHat 6.2およびオペレーティングシステムでIRQ Balancingが有効になっているようなオペレーティングシステムで、ワークロードの負荷が重い場合、ネットワークの問題が発生することがあるプラットフォームの問題に対応しました。 この問題の結果として、ソフトウェアは、割り込みを失うスプリアス割り込みを受信したり、ネットワークの切断が発生することがあります。</p>

<p><strong>既知の問題点：</strong></p>

<p>なし</p>
]]>
</revision_fixes_xlate_part>
      </revision_fixes_xlate>
    </revision>
    <revision>
      <version value="2013.07.02" revision="" type_of_change="2"/>
      <revision_fixes_xlate lang="en">
        <revision_fixes_xlate_part>
<![CDATA[<P><B>Important Notes:</B></P>Enhancing the flash upgrade process requires modifications to both the System ROM and the flash update utility, the System ROM revision cannot be downgraded with the flash components available on the HP Support site after updating to this revision of the System ROM. A customer can downgrade the System ROM by creating a new flash component with the older System ROM revision as indicated in Advisory C02838375 available at the following link: http://h20000.www2.hp.com/bizsupport/TechSupport/Document.jsp?locale=en_US&objectID=c02838375<P><B>Firmware Dependencies:</B></P>None<P><B>Problems Fixed:</B></P>Addressed a processor issue under which a rare and complex sequence of internal processor microarchitecture events that occur in specific operating environments could cause a server system to experience unexpected page faults, general protection faults, or machine check exceptions or other unpredictable system behavior.  While all processors supported by this server have this issue, to be affected by this issue the server must be operating in a virtualized environment, have Intel Hyperthreading enabled, have a hypervisor that enables Intel VT FlexPriority and Extended Page Tables, and have a guest OS utilizing 32-bit PAE Paging Mode. This issue is not unique to HP ProLiant servers and could impact any system utilizing affected processors operating with the conditions listed above. This revision of the System ROM contains an updated version of Intel's microcode that addresses this issue. Due to the potential severity of the issue addressed in this revision of the System ROM, this System ROM upgrade is considered a critical fix.<p>Addressed an issue with the Intel Xeon Processor X5675, Intel Xeon Processor X5690, and Intel Xeon Processor X5687 where a rare and complex combination of data and environmental conditions may result in some instructions not executing properly causing unpredictable system behavior. This issue is not unique to HP ProLiant servers and could impact any system using the affected processors listed above. This revision of the System ROM contains and updated version of Intel's microcode that addresses this issue. This System ROM upgrade is considered a critical fix for customers utilizing the affected processors.  This issue does not impact any processors that are not listed above. <p>Addressed an issue where the platform may experience networking issues under heavy workloads with Operating Systems, such as Linux RedHat 6.2, and IRQ Balancing enabled in the Operating System. As a result of this issue, software may lose interrupts, receive spurious interrupts or cause a network disconnect.<P><B>Known Issues:</B></P>None]]>
</revision_fixes_xlate_part>
      </revision_fixes_xlate>
      <revision_fixes_xlate lang="ja">
        <revision_fixes_xlate_part>
<![CDATA[<P><B>重要な注意：</B></P>システムROMとフラッシュアップデートユーティリティの変更を必要とするフラッシュアップグレードプロセスの改善を行ったため、このリビジョンのシステムROMにアップデートした後、システムROMリビジョンをHPサポートサイトにあるフラッシュコンポーネントにダウングレードできなくなります。 新しいフラッシュコンポーネントを以下のリンクのアドバイザリC02838375に記載された古いシステムROMリビジョンで作成することでシステムROMをダウングレードできます。 http://h20000.www2.hp.com/bizsupport/TechSupport/Document.jsp?locale=en_US&objectID=c02838375<P><B>ファームウェアの関連性：</B></P>なし<P><B>修正された問題点：</B></P>特定の動作環境で発生する内部プロセッサーマイクロアーキテクチャイベントのまれなおよび複雑なシーケンスが予期しないページフォルト、一般保護違反またはマシンチェック例外や他の予測できないシステムの動作をサーバーシステムに引き起こすことがあったプロセッサーの問題に対処しました。  このサーバーでサポートされるすべてのプロセッサーにこの問題がありますが、この問題の影響を受ける条件は、サーバーが仮想化環境で動作していて、Intelハイパースレッディングが有効、Intel VT FlexPriorityおよび拡張ページテーブルを有効にしたハイパーバイザーを持ち、そして32ビットPAEページングモードを利用しているゲストOSがある場合だけです。 この問題は、HP ProLiantサーバーに固有のものではなく、上記の条件で動作している影響を受けるプロセッサーを利用するすべてのシステムに影響があります。 このリビジョンのシステムROMは、この問題に対処したアップデートされたバージョンのIntelのマイクロコードを含んでいます。 このリビジョンのシステムROMは、潜在的で深刻な問題に対応しているため、このシステムROMアップグレードは、重要な修正と考えられます。<p>データや環境条件のまれな、複雑な組み合わせが予測できないシステムの動作を引き起こすいくつかのインストラクションが正しく実行されない原因となる可能性があるIntel Xeonプロセッサー X5675、Intel Xeonプロセッサー X5690、およびIntel Xeonプロセッサー X5687の問題に対処しました。 これはHP ProLiantサーバーに限った問題ではなく、上にリストされた影響を受けるプロセッサーを使用しているシステムすべてに影響を与える可能性があります。 このリビジョンのシステムROMは、この問題に対処したアップデートされたバージョンのIntelのマイクロコードを含んでいます。 このシステムROMのアップグレードは、影響を受けるプロセッサーを利用している顧客のための重要な修正と考えられます。  この問題は、上にリストされていないプロセッサーには影響しません。 <p>Linux RedHat 6.2およびオペレーティングシステムでIRQ Balancingが有効になっているようなオペレーティングシステムで、ワークロードの負荷が重い場合、ネットワークの問題が発生することがあるプラットフォームの問題に対応しました。 この問題の結果として、ソフトウェアは、割り込みを失うスプリアス割り込みを受信したり、ネットワークの切断が発生することがあります。<P><B>既知の問題点：</B></P>なし]]>
</revision_fixes_xlate_part>
      </revision_fixes_xlate>
    </revision>
    <revision>
      <version value="2012.12.02" revision="" type_of_change="1"/>
      <revision_enhancements_xlate lang="en">
        <revision_enhancements_xlate_part>
<![CDATA[<p>
 Optimized the memory settings to improve the reliability of the memory system.</p>
]]>
</revision_enhancements_xlate_part>
      </revision_enhancements_xlate>
      <revision_enhancements_xlate lang="ja">
        <revision_enhancements_xlate_part>
<![CDATA[<p>
 メモリシステムの信頼性を改善するためにメモリの設定を最適化しました。</p>
]]>
</revision_enhancements_xlate_part>
      </revision_enhancements_xlate>
      <revision_fixes_xlate lang="en">
        <revision_fixes_xlate_part>
<![CDATA[
 <p>
  <b>Important Notes:</b><br />
  <br />
  After updating to this revision of the System ROM, the System ROM revision cannot be downgraded with the flash components available on the HP Support site for any ROM version 01/30/2011 or earlier. A customer can downgrade the System ROM by creating a new flash component with the older System ROM revision as indicated in Advisory C02838375 available at the following link: <a href="http://h20000.www2.hp.com/bizsupport/TechSupport/Document.jsp?locale=en_US&amp;objectID=c02838375">http://h20000.www2.hp.com/bizsupport/TechSupport/Document.jsp?locale=en_US&amp;objectID=c02838375</a><br />
  <br />
  <b>Firmware Dependencies:</b></p>
 None
 <p>
  <b>Problems Fixed:</b></p>
 <p>
  Resolved an issue where the ROM Based Setup Utility (RBSU) Command Line Interface (CLI) would not set the QPI Bandwidth Optimization (RTID) feature properly.</p>
 <p>
  <strong>Known Issues:</strong></p>
 <p>
  None</p>

]]>
</revision_fixes_xlate_part>
      </revision_fixes_xlate>
      <revision_fixes_xlate lang="ja">
        <revision_fixes_xlate_part>
<![CDATA[
 <p>
  <b>重要な注意：</b><br /> <br /> システムROMのこのリビジョンへアップデートした後に、2011/01/30以前のバージョンのROMへHPサポートサイトから入手可能なフラッシュコンポーネントでシステムROMのリビジョンをダウングレードすることはできません。 新しいフラッシュコンポーネントを以下のリンクのアドバイザリC02838375に記載された古いシステムROMリビジョンで作成することでシステムROMをダウングレードできます。 <a href="http://h20000.www2.hp.com/bizsupport/TechSupport/Document.jsp?locale=en_US&objectID=c02838375">http://h20000.www2.hp.com/bizsupport/TechSupport/Document.jsp?locale=en_US&objectID=c02838375</a><br /> <br /> <b>ファームウェアの関連性：</b></p>
 なし
 <p>
  <b>修正された問題点：</b></p>
 <p>
  ROMベースセットアップユーティリティ（RBSU）のコマンドラインインターフェイス（CLI）が、QPI Bandwidth Optimization(RTID)機能を正しく設定できない問題を解決しました。</p>
 <p>
  <strong>既知の問題点：</strong></p>
 <p>
  なし</p>

]]>
</revision_fixes_xlate_part>
      </revision_fixes_xlate>
    </revision>
  </revision_history>
  <sw_keys>
    <sw_keys_and>
      <sw_key name="P67">
        <sw_key_expectedpath>firmware:system</sw_key_expectedpath>
      </sw_key>
    </sw_keys_and>
  </sw_keys>
  <prerequisites>
    <supported_operating_systems>
      <supported_operating_system platform="vmware_esx_server" major="5" minor="5" sr="OEM" name="VMware vSphere 5.5"/>
      <supported_operating_system platform="vmware_esx_server" major="5" minor="0" sr="OEM" name="VMware ESXi 5.0"/>
      <supported_operating_system platform="vmware_esx_server" major="6" minor="0" sr="OEM" name="VMware vSphere 6.0"/>
      <supported_operating_system platform="vmware_esx_server" major="5" minor="1" sr="OEM" name="VMware vSphere 5.1"/>
    </supported_operating_systems>
    <supported_devices/>
    <required_diskspace size_kb="3000"/>
  </prerequisites>
  <installation>
    <install>
      <install_caps silent="yes" needuseracct="no"/>
      <command></command>
      <command_params></command_params>
      <reboot_required value="yes"/>
      <reboot_details value="Required">
        <reboot_details_xlate lang="en">Reboot is required after installation for updates to take effect and hardware stability to be maintained.</reboot_details_xlate>
        <reboot_details_xlate lang="ja">アップデートの効果とハードウェアの安定を得るために、インストール後の再起動は必要です。</reboot_details_xlate>
      </reboot_details>
      <per_device_install_time_seconds>0</per_device_install_time_seconds>
    </install>
    <uninstall>
      <uninstall_caps silent="no"/>
      <command></command>
      <command_params></command_params>
      <reboot_required value="no"/>
    </uninstall>
  </installation>
</cpq_package>
